<?xml version="1.0" encoding="utf-8"?>
<!DOCTYPE stores>
<stores>
    <store>
        <name>Lo de </name>
        <plots>3</plots>
        <m2>222</m2>
        <manager>
            <f_name>demasiada</f_name>
            <l_name>informacion</l_name>
            <phone>604792842</phone>
            <NSS>3</NSS>
        </manager>
    </store>
    <store>
        <name>las tiendas</name>
        <plots>4</plots>
        <m2>222</m2>
        <manager>
            <f_name>demasiada</f_name>
            <l_name>informacion</l_name>
            <phone>604792842</phone>
            <NSS>3</NSS>
        </manager>
    </store>
    <store>
        <name>es pasarse</name>
        <plots>2</plots>
        <m2>222</m2>
        <manager>
            <f_name>demasiada</f_name>
            <l_name>informacion</l_name>
            <phone>604792842</phone>
            <NSS>3</NSS>
        </manager>
    </store>
    <store>
        <name>un</name>
        <plots>6</plots>
        <m2>222</m2>
        <manager>
            <f_name>demasiada</f_name>
            <l_name>informacion</l_name>
            <phone>604792842</phone>
            <NSS>3</NSS>
        </manager>
    </store>
    <store>
        <name>poco</name>
        <plots>2</plots>
        <m2>222</m2>
        <manager>
            <f_name>demasiada</f_name>
            <l_name>informacion</l_name>
            <phone>604792842</phone>
            <NSS>3</NSS>
        </manager>
    </store>
    <store>
        <name>para</name>
        <plots>7</plots>
        <m2>222</m2>
        <manager>
            <f_name>demasiada</f_name>
            <l_name>informacion</l_name>
            <phone>604792842</phone>
            <NSS>3</NSS>
        </manager>
    </store>
    <store>
        <name>rellenar</name>
        <plots>4</plots>
        <m2>222</m2>
        <manager>
            <f_name>demasiada</f_name>
            <l_name>informacion</l_name>
            <phone>604792842</phone>
            <NSS>3</NSS>
        </manager>
    </store>
    <store>
        <name>de</name>
        <plots>9</plots>
        <m2>222</m2>
        <manager>
            <f_name>demasiada</f_name>
            <l_name>informacion</l_name>
            <phone>604792842</phone>
            <NSS>3</NSS>
        </manager>
    </store>
    <store>
        <name>informacion</name>
        <plots>1</plots>
        <m2>222</m2>
        <manager>
            <f_name>demasiada</f_name>
            <l_name>informacion</l_name>
            <phone>604792842</phone>
            <NSS>3</NSS>
        </manager>
    </store>
    <store>
        <name>sinceramente</name>
        <plots>5</plots>
        <m2>222</m2>
        <manager>
            <f_name>demasiada</f_name>
            <l_name>informacion</l_name>
            <phone>604792842</phone>
            <NSS>3</NSS>
        </manager>
    </store>
</stores>