<?xml version="1.0" encoding="utf-8"?>
<!DOCTYPE book>
<book>
    <title></title>
    <publisher></publisher>
    <author></author>
    <number_pages></number_pages>
    <chapter>
        <title_chapters></title_chapters>
        <start_page></start_page>
        <end_page></end_page>
    </chapter>
    <chapter>
        <title_chapters></title_chapters>
        <start_page></start_page>
        <end_page></end_page>
    </chapter>
    <chapter>
        <title_chapters></title_chapters>
        <start_page></start_page>
        <end_page></end_page>
    </chapter>
    <chapter>
        <title_chapters></title_chapters>
        <start_page></start_page>
        <end_page></end_page>
    </chapter>
    <chapter>
        <title_chapters></title_chapters>
        <start_page></start_page>
        <end_page></end_page>
    </chapter>
    <chapter>
        <title_chapters></title_chapters>
        <start_page></start_page>
        <end_page></end_page>
    </chapter>
</book>