<?xml version="1.0" encoding="utf-8"?>
<!DOCTYPE catalog>
<catalog>    <!--Informacion de una biblioteca-->
    <song title="ads" artist="gdg" relase.year="2023">
        <genders>1,2,3</genders>
    </song>
    <song title="sdf" artist="gsfg" relase.year="2003">
        <genders>2,3</genders>
    </song>
    <song title="dsf" artist="sdf" relase.year="2005">
        <genders>1,3</genders>
    </song>
    <song title="gfsd" artist="fsd" relase.year="2045">
        <genders>1,2</genders>
    </song>
</catalog>