<?xml version="1.0" encoding="utf-8"?>
<!DOCTYPE Historical_Events>
<Historical_Events> <!--Informacion de una biblioteca-->
    <date description="IBM introduces the PC">
        <day>12</day>
        <month>8</month>
        <year>1981</year>
    </date>
    <date description="Google is founded">
        <day>4</day>
        <month>9</month>
        <year>1998</year>
    </date>
    <date description="Facebook is founded">
        <day>4</day>
        <month>2</month>
        <year>2004</year>
    </date>

</Historical_Events>