<?xml version="1.0" encoding="utf-8"?>
<!DOCTYPE library>
<library>    <!--Informacion de una biblioteca-->
    <category>
        <book title="1984" autor="Jorge Orwel" publication.year="1948">
            <description>1984 is a dystopian novel that was written by George Orwell and published in 1949. It tells the story of Winston Smith, a citizen of the miserable society of Oceania, who is trying to rebel against the Party and its omnipresent symbol, Big Brother.</description>
        </book>
    </category>
    <category>
        <book title="1984" autor="Jorge Orwel" publication.year="1948">
            <description>1984 is a dystopian novel that was written by George Orwell and published in 1949. It tells the story of Winston Smith, a citizen of the miserable society of Oceania, who is trying to rebel against the Party and its omnipresent symbol, Big Brother.</description>
        </book>
    </category>
    <category>
        <book title="1984" autor="Jorge Orwel" publication.year="1948">
            <description>1984 is a dystopian novel that was written by George Orwell and published in 1949. It tells the story of Winston Smith, a citizen of the miserable society of Oceania, who is trying to rebel against the Party and its omnipresent symbol, Big Brother.</description>
        </book>
    </category>
    <category>
        <book title="1984" autor="Jorge Orwel" publication.year="1948">
            <description>1984 is a dystopian novel that was written by George Orwell and published in 1949. It tells the story of Winston Smith, a citizen of the miserable society of Oceania, who is trying to rebel against the Party and its omnipresent symbol, Big Brother.</description>
        </book>
    </category>
</library>