<?xml version="1.0" encoding="utf-8"?>
<!DOCTYPE store>
<store>    <!--Informacion de una biblioteca-->
    <product name="verduras">
        <category>Tomates</category>
        <fetaures names="asdsad" values="sadad"></fetaures>
    </product>
    <product name="frutas">
        <category>Frutos secos</category>
        <fetaures names="asdsad" values="sadad"></fetaures>
    </product>
    <product name="carne">
        <category>Carne</category>
        <fetaures names="asdsad" values="sadad"></fetaures>
    </product>
</store>